id,offense,offense_conference,defense,defense_conference,home,away,offense_score,defense_score,game_id,drive_id,drive_number,play_number,period,clock,offense_timeouts,defense_timeouts,yard_line,yards_to_goal,down,distance,scoring,yards_gained,play_type,play_text,ppa,wallclock,week,team,year
401405091101849903,Iowa,Big Ten,Rutgers,Big Ten,Rutgers,Iowa,0,0,401405091,4014050911,1,1,1,"{'minutes': 15, 'seconds': 0}",3,3,65,65,0,0,False,0,Kickoff,Drew Stevens kickoff for 65 yds for a touchback,,2022-09-24T23:12:58.000Z,4,Rutgers,2022
401405091101849905,Rutgers,Big Ten,Iowa,Big Ten,Rutgers,Iowa,0,0,401405091,4014050911,1,2,1,"{'minutes': 15, 'seconds': 0}",3,3,25,75,1,10,False,4,Rush,Kyle Monangai run for 4 yds to the Rutgr 29,-0.1142886249388964,2022-09-24T23:12:58.000Z,4,Rutgers,2022
401405091101849906,Rutgers,Big Ten,Iowa,Big Ten,Rutgers,Iowa,0,0,401405091,4014050911,1,3,1,"{'minutes': 15, 'seconds': 0}",3,3,29,71,2,6,False,0,Pass Incompletion,Evan Simon pass incomplete,-0.65090488691109715,2022-09-24T23:12:58.000Z,4,Rutgers,2022
401405091101849907,Rutgers,Big Ten,Iowa,Big Ten,Rutgers,Iowa,0,0,401405091,4014050911,1,4,1,"{'minutes': 15, 'seconds': 0}",3,3,29,71,3,6,False,8,Pass Reception,Evan Simon pass complete to Johnny Langan for 8 yds to the Rutgr 37 for a 1ST down,1.79243783799356485,2022-09-24T23:12:58.000Z,4,Rutgers,2022
401405091101849908,Rutgers,Big Ten,Iowa,Big Ten,Rutgers,Iowa,0,0,401405091,4014050911,1,5,1,"{'minutes': 15, 'seconds': 0}",3,3,37,63,1,10,False,4,Rush,Al-Shadee Salaam run for 4 yds to the Rutgr 41,-0.1644248613169578,2022-09-24T23:12:58.000Z,4,Rutgers,2022
401405091101849909,Rutgers,Big Ten,Iowa,Big Ten,Rutgers,Iowa,0,0,401405091,4014050911,1,6,1,"{'minutes': 15, 'seconds': 0}",3,3,41,59,2,6,False,-5,Penalty,"RUTGERS Penalty, False Start (-5 Yards) to the Rutgr 36",,2022-09-24T23:12:58.000Z,4,Rutgers,2022
401405091101849911,Rutgers,Big Ten,Iowa,Big Ten,Rutgers,Iowa,0,0,401405091,4014050911,1,7,1,"{'minutes': 15, 'seconds': 0}",3,3,36,64,2,11,False,5,Pass Reception,Evan Simon pass complete to Johnny Langan for 5 yds to the Rutgr 41,0.0536025602819344,2022-09-24T23:12:58.000Z,4,Rutgers,2022
401405091101849913,Rutgers,Big Ten,Iowa,Big Ten,Rutgers,Iowa,0,0,401405091,4014050911,1,8,1,"{'minutes': 15, 'seconds': 0}",3,3,41,59,3,6,False,33,Pass Reception,Evan Simon pass complete to Shameen Jones for 33 yds to the Iowa 26 for a 1ST down,3.5172020930518890,2022-09-24T23:12:58.000Z,4,Rutgers,2022
401405091101884901,Rutgers,Big Ten,Iowa,Big Ten,Rutgers,Iowa,0,0,401405091,4014050911,1,9,1,"{'minutes': 11, 'seconds': 50}",2,3,74,26,2,10,False,0,Timeout,"Timeout RUTGERS, clock 11:50",,2022-09-24T23:17:22.000Z,4,Rutgers,2022
401405091101884902,Rutgers,Big Ten,Iowa,Big Ten,Rutgers,Iowa,0,0,401405091,4014050911,1,10,1,"{'minutes': 11, 'seconds': 50}",2,3,74,26,1,10,False,0,Pass Incompletion,Evan Simon pass incomplete,-0.4710467974920665,2022-09-24T23:17:22.000Z,4,Rutgers,2022
401405091101884903,Rutgers,Big Ten,Iowa,Big Ten,Rutgers,Iowa,0,0,401405091,4014050911,1,11,1,"{'minutes': 11, 'seconds': 50}",2,3,74,26,2,10,False,15,Rush,Evan Simon run for 15 yds to the Iowa 11 for a 1ST down,0.669309506532322,2022-09-24T23:17:22.000Z,4,Rutgers,2022
401405091101884904,Rutgers,Big Ten,Iowa,Big Ten,Rutgers,Iowa,0,0,401405091,4014050911,1,12,1,"{'minutes': 11, 'seconds': 50}",2,3,89,11,1,10,False,2,Rush,Kyle Monangai run for 2 yds to the Iowa 9,-0.165648229401373,2022-09-24T23:17:22.000Z,4,Rutgers,2022
401405091101884905,Rutgers,Big Ten,Iowa,Big Ten,Rutgers,Iowa,0,0,401405091,4014050911,1,13,1,"{'minutes': 11, 'seconds': 50}",2,3,91,9,2,8,False,0,Pass Incompletion,Evan Simon pass incomplete,-0.279600631028688,2022-09-24T23:17:22.000Z,4,Rutgers,2022
401405091101884906,Rutgers,Big Ten,Iowa,Big Ten,Rutgers,Iowa,0,0,401405091,4014050911,1,14,1,"{'minutes': 11, 'seconds': 50}",2,3,91,9,3,8,False,0,Pass Incompletion,Evan Simon pass incomplete,-0.3751543911976396,2022-09-24T23:17:22.000Z,4,Rutgers,2022
401405091101884907,Rutgers,Big Ten,Iowa,Big Ten,Rutgers,Iowa,0,0,401405091,4014050911,1,15,1,"{'minutes': 11, 'seconds': 50}",2,3,91,9,4,8,False,5,Penalty,"IOWA Penalty, Offsides (5 Yards) to the Iowa 4",,2022-09-24T23:17:22.000Z,4,Rutgers,2022
401405091101884908,Rutgers,Big Ten,Iowa,Big Ten,Rutgers,Iowa,0,0,401405091,4014050911,1,16,1,"{'minutes': 11, 'seconds': 50}",2,3,96,4,4,3,False,-5,Penalty,"RUTGERS Penalty, Illegal Snap on BROWN, Ireland enforced (-5 Yards) to the Iowa 9",,2022-09-24T23:17:22.000Z,4,Rutgers,2022
401405091101898501,Rutgers,Big Ten,Iowa,Big Ten,Rutgers,Iowa,3,0,401405091,4014050911,1,17,1,"{'minutes': 10, 'seconds': 14}",2,3,91,9,4,8,True,28,Field Goal Good,Jude McAtamney 28 yd FG GOOD,,2022-09-24T23:23:35.000Z,4,Rutgers,2022
401405091101899301,Rutgers,Big Ten,Iowa,Big Ten,Rutgers,Iowa,3,0,401405091,4014050912,2,1,1,"{'minutes': 10, 'seconds': 6}",2,3,35,65,0,0,False,42,Kickoff Return (Offense),"Jude McAtamney kickoff for 65 yds , Kaleb Johnson return for 42 yds to the Iowa 42",,2022-09-24T23:27:36.000Z,4,Rutgers,2022
401405091101899303,Iowa,Big Ten,Rutgers,Big Ten,Rutgers,Iowa,0,3,401405091,4014050912,2,2,1,"{'minutes': 10, 'seconds': 6}",3,2,58,58,1,10,False,11,Pass Reception,Spencer Petras pass complete to Sam LaPorta for 11 yds to the Rutgr 47 for a 1ST down,0.9485009707728855,2022-09-24T23:27:36.000Z,4,Rutgers,2022
401405091101899304,Iowa,Big Ten,Rutgers,Big Ten,Rutgers,Iowa,0,3,401405091,4014050912,2,3,1,"{'minutes': 10, 'seconds': 6}",3,2,47,47,1,10,False,-5,Penalty,"IOWA Penalty, False Start (-5 Yards) to the Iowa 48",,2022-09-24T23:27:36.000Z,4,Rutgers,2022
401405091101899305,Iowa,Big Ten,Rutgers,Big Ten,Rutgers,Iowa,0,3,401405091,4014050912,2,4,1,"{'minutes': 10, 'seconds': 6}",3,2,52,52,1,15,False,0,Rush,Gavin Williams run for no gain to the Iowa 48,-1.0422469747064440,2022-09-24T23:27:36.000Z,4,Rutgers,2022
401405091101899306,Iowa,Big Ten,Rutgers,Big Ten,Rutgers,Iowa,0,3,401405091,4014050912,2,5,1,"{'minutes': 10, 'seconds': 6}",3,2,52,52,2,15,False,0,Pass Incompletion,Spencer Petras pass incomplete,-0.7789279515357803,2022-09-24T23:29:11.000Z,4,Rutgers,2022
401405091101899307,Iowa,Big Ten,Rutgers,Big Ten,Rutgers,Iowa,0,3,401405091,4014050912,2,6,1,"{'minutes': 10, 'seconds': 6}",3,2,52,52,3,15,False,4,Pass Reception,Spencer Petras pass complete to Gavin Williams for 4 yds to the Rutgr 48,-0.09255312441671213,2022-09-24T23:29:11.000Z,4,Rutgers,2022
401405091101918801,Iowa,Big Ten,Rutgers,Big Ten,Rutgers,Iowa,0,3,401405091,4014050912,2,7,1,"{'minutes': 8, 'seconds': 11}",3,2,48,48,4,11,False,0,Punt,"Tory Taylor punt for 44 yds, fair catch by Aron Cruickshank at the Rutgr 4",,2022-09-24T23:30:58.000Z,4,Rutgers,2022
401405091101918803,Rutgers,Big Ten,Iowa,Big Ten,Rutgers,Iowa,3,0,401405091,4014050913,3,1,1,"{'minutes': 8, 'seconds': 11}",2,3,4,96,1,10,False,3,Rush,run for 3 yds to the Rutgr 7,-0.110327010161221928,2022-09-24T23:34:02.000Z,4,Rutgers,2022
401405091101918804,Rutgers,Big Ten,Iowa,Big Ten,Rutgers,Iowa,3,0,401405091,4014050913,3,2,1,"{'minutes': 8, 'seconds': 11}",2,3,7,93,2,7,False,9,Rush,Kyle Monangai run for 9 yds to the Rutgr 16 for a 1ST down,0.469564762008371184,2022-09-24T23:34:02.000Z,4,Rutgers,2022
401405091101918805,Rutgers,Big Ten,Iowa,Big Ten,Rutgers,Iowa,3,0,401405091,4014050913,3,3,1,"{'minutes': 8, 'seconds': 11}",2,3,16,84,1,10,False,-1,Rush,Al-Shadee Salaam run for a loss of 1 yard to the Rutgr 15,-0.52333947591411614,2022-09-24T23:34:02.000Z,4,Rutgers,2022
401405091101918806,Rutgers,Big Ten,Iowa,Big Ten,Rutgers,Iowa,3,0,401405091,4014050913,3,4,1,"{'minutes': 8, 'seconds': 11}",2,3,15,85,2,11,False,3,Pass Reception,Evan Simon pass complete to Al-Shadee Salaam for 3 yds to the Rutgr 18,-0.07564344042391546,2022-09-24T23:34:02.000Z,4,Rutgers,2022
401405091101947301,Rutgers,Big Ten,Iowa,Big Ten,Rutgers,Iowa,3,7,401405091,4014050913,3,5,1,"{'minutes': 5, 'seconds': 26}",2,3,18,82,3,8,True,45,Interception Return Touchdown,Cooper DeJean 45 Yd Interception Return (Drew Stevens Kick),-6.8216477564582938,2022-09-24T23:37:55.000Z,4,Rutgers,2022
401405091101947303,Iowa,Big Ten,Rutgers,Big Ten,Rutgers,Iowa,7,3,401405091,4014050914,4,1,1,"{'minutes': 5, 'seconds': 26}",3,2,65,65,0,0,False,0,Kickoff,Drew Stevens kickoff for 65 yds for a touchback,,2022-09-24T23:37:55.000Z,4,Rutgers,2022
401405091101947305,Rutgers,Big Ten,Iowa,Big Ten,Rutgers,Iowa,3,7,401405091,4014050914,4,2,1,"{'minutes': 5, 'seconds': 26}",2,3,25,75,1,10,False,9,Pass Reception,Evan Simon pass complete to Shameen Jones for 9 yds to the Rutgr 34,1.2523083597886239,2022-09-24T23:37:55.000Z,4,Rutgers,2022
401405091101947306,Rutgers,Big Ten,Iowa,Big Ten,Rutgers,Iowa,3,7,401405091,4014050914,4,3,1,"{'minutes': 5, 'seconds': 26}",2,3,34,66,2,1,False,0,Pass Reception,Evan Simon pass complete to Samuel Brown V for no gain to the Rutgr 34,-1.2753422217375716,2022-09-24T23:44:10.000Z,4,Rutgers,2022
401405091101947310,Rutgers,Big Ten,Iowa,Big Ten,Rutgers,Iowa,3,7,401405091,4014050914,4,4,1,"{'minutes': 5, 'seconds': 26}",2,3,34,66,3,1,False,4,Rush,Samuel Brown V run for 4 yds to the Rutgr 38 for a 1ST down,1.1477853409907786,2022-09-24T23:44:10.000Z,4,Rutgers,2022
401405091101947311,Rutgers,Big Ten,Iowa,Big Ten,Rutgers,Iowa,3,7,401405091,4014050914,4,5,1,"{'minutes': 5, 'seconds': 26}",2,3,38,62,1,10,False,0,Pass Incompletion,Evan Simon pass incomplete,-1.0879950771673279,2022-09-24T23:44:10.000Z,4,Rutgers,2022
401405091101947312,Rutgers,Big Ten,Iowa,Big Ten,Rutgers,Iowa,3,7,401405091,4014050914,4,6,1,"{'minutes': 5, 'seconds': 26}",2,3,38,62,2,10,False,4,Pass Reception,Evan Simon pass complete to Johnny Langan for 4 yds to the Rutgr 42,-0.1262455018542790,2022-09-24T23:44:10.000Z,4,Rutgers,2022
401405091101975702,Rutgers,Big Ten,Iowa,Big Ten,Rutgers,Iowa,3,7,401405091,4014050914,4,7,1,"{'minutes': 2, 'seconds': 42}",2,3,42,58,3,6,False,0,Pass Incompletion,Evan Simon pass incomplete,-0.64017311948064746,2022-09-24T23:46:28.000Z,4,Rutgers,2022
401405091101976401,Rutgers,Big Ten,Iowa,Big Ten,Rutgers,Iowa,3,7,401405091,4014050914,4,8,1,"{'minutes': 2, 'seconds': 35}",2,3,42,58,4,6,False,0,Punt,"Adam Korsak punt for 37 yds, fair catch by Cooper DeJean at the Iowa 21",,2022-09-24T23:48:15.000Z,4,Rutgers,2022
401405091101976404,Iowa,Big Ten,Rutgers,Big Ten,Rutgers,Iowa,7,3,401405091,4014050915,5,1,1,"{'minutes': 2, 'seconds': 35}",3,2,79,79,1,10,False,-10,Penalty,"IOWA Penalty, Offensive Holding (-10 Yards) to the Iowa 17",,2022-09-24T23:49:53.000Z,4,Rutgers,2022
401405091101976405,Iowa,Big Ten,Rutgers,Big Ten,Rutgers,Iowa,7,3,401405091,4014050915,5,2,1,"{'minutes': 2, 'seconds': 35}",3,2,83,83,1,14,False,0,Pass Incompletion,Spencer Petras pass incomplete,-0.30441261463267022,2022-09-24T23:49:53.000Z,4,Rutgers,2022
401405091101976406,Iowa,Big Ten,Rutgers,Big Ten,Rutgers,Iowa,7,3,401405091,4014050915,5,3,1,"{'minutes': 2, 'seconds': 35}",3,2,83,83,2,14,False,7,Rush,Kaleb Johnson run for 7 yds to the Iowa 24,0.130251717406263625,2022-09-24T23:49:53.000Z,4,Rutgers,2022
401405091101976407,Iowa,Big Ten,Rutgers,Big Ten,Rutgers,Iowa,7,3,401405091,4014050915,5,4,1,"{'minutes': 2, 'seconds': 35}",3,2,76,76,3,7,False,-2,Sack,Spencer Petras sacked by Tyreem Powell for a loss of 2 yards to the Iowa 22,-0.259891436615008685,2022-09-24T23:49:53.000Z,4,Rutgers,2022
401405091101996801,Iowa,Big Ten,Rutgers,Big Ten,Rutgers,Iowa,7,3,401405091,4014050915,5,5,1,"{'seconds': 31, 'minutes': 0}",3,2,78,78,4,9,False,0,Blocked Punt,punt blocked by Max Melton blocked by Max Melton,,2022-09-24T23:12:58.000Z,4,Rutgers,2022
401405091101999901,Rutgers,Big Ten,Iowa,Big Ten,Rutgers,Iowa,3,7,401405091,4014050916,6,1,1,"{'minutes': 0, 'seconds': 0}",2,3,37,63,1,10,False,3,Rush,Samuel Brown V run for 3 yds to the Rutgr 40,-0.4199785122886155,2022-09-24T23:12:58.000Z,4,Rutgers,2022
401405091101999902,Rutgers,Big Ten,Iowa,Big Ten,Rutgers,Iowa,3,7,401405091,4014050916,6,2,1,"{'minutes': 0, 'seconds': 0}",2,3,37,63,0,10,False,0,End Period,End of 1st Quarter,,2022-09-24T23:12:58.000Z,4,Rutgers,2022
401405091102849903,Rutgers,Big Ten,Iowa,Big Ten,Rutgers,Iowa,3,7,401405091,4014050916,6,3,2,"{'minutes': 15, 'seconds': 0}",2,3,40,60,2,7,False,4,Pass Reception,Evan Simon pass complete to Samuel Brown V for 4 yds to the Rutgr 44,-0.1528347420326011,2022-09-24T00:00:00.000Z,4,Rutgers,2022
401405091102849904,Rutgers,Big Ten,Iowa,Big Ten,Rutgers,Iowa,3,7,401405091,4014050916,6,4,2,"{'minutes': 15, 'seconds': 0}",2,3,44,56,3,3,False,0,Pass Incompletion,Evan Simon pass incomplete,-0.87681899856641897,2022-09-24T00:00:00.000Z,4,Rutgers,2022
401405091102859201,Rutgers,Big Ten,Iowa,Big Ten,Rutgers,Iowa,3,7,401405091,4014050916,6,5,2,"{'minutes': 14, 'seconds': 7}",2,3,44,56,4,3,False,0,Punt,"Adam Korsak punt for 45 yds, fair catch by Cooper DeJean at the Iowa 16",,2022-09-25T00:02:00.000Z,4,Rutgers,2022
401405091102859203,Iowa,Big Ten,Rutgers,Big Ten,Rutgers,Iowa,7,3,401405091,4014050917,7,1,2,"{'minutes': 14, 'seconds': 7}",3,2,84,84,1,10,False,7,Rush,Leshon Williams run for 7 yds to the Iowa 23,0.4629498851543028,2022-09-25T00:05:23.000Z,4,Rutgers,2022
401405091102859204,Iowa,Big Ten,Rutgers,Big Ten,Rutgers,Iowa,7,3,401405091,4014050917,7,2,2,"{'minutes': 14, 'seconds': 7}",3,2,77,77,2,3,False,5,Rush,Leshon Williams run for 5 yds to the Iowa 28 for a 1ST down,0.2607867297833195,2022-09-25T00:05:23.000Z,4,Rutgers,2022
401405091102859205,Iowa,Big Ten,Rutgers,Big Ten,Rutgers,Iowa,7,3,401405091,4014050917,7,3,2,"{'minutes': 14, 'seconds': 7}",3,2,72,72,1,10,False,13,Pass Reception,Spencer Petras pass complete to Sam LaPorta for 13 yds to the Iowa 41 for a 1ST down,1.1966203624676250,2022-09-25T00:05:23.000Z,4,Rutgers,2022
401405091102859206,Iowa,Big Ten,Rutgers,Big Ten,Rutgers,Iowa,7,3,401405091,4014050917,7,4,2,"{'minutes': 14, 'seconds': 7}",3,2,59,59,1,10,False,9,Rush,Kaleb Johnson run for 9 yds to the 50 yard line,1.3220501527298013,2022-09-25T00:05:23.000Z,4,Rutgers,2022
401405091102859207,Iowa,Big Ten,Rutgers,Big Ten,Rutgers,Iowa,7,3,401405091,4014050917,7,5,2,"{'minutes': 14, 'seconds': 7}",3,2,50,50,2,1,False,5,Rush,Kaleb Johnson run for 5 yds to the Rutgr 45 for a 1ST down,-0.139551887998442,2022-09-25T00:05:23.000Z,4,Rutgers,2022
401405091102859208,Iowa,Big Ten,Rutgers,Big Ten,Rutgers,Iowa,7,3,401405091,4014050917,7,6,2,"{'minutes': 14, 'seconds': 7}",3,2,45,45,1,10,False,-8,Sack,Spencer Petras sacked by Christian Izien for a loss of 8 yards to the Iowa 47,-2.6847335272851262,2022-09-25T00:05:23.000Z,4,Rutgers,2022
401405091102859209,Iowa,Big Ten,Rutgers,Big Ten,Rutgers,Iowa,7,3,401405091,4014050917,7,7,2,"{'minutes': 14, 'seconds': 7}",3,2,53,53,2,18,False,5,Pass Reception,Spencer Petras pass complete to Leshon Williams for 5 yds to the Rutgr 48,0.0403158734451274,2022-09-25T00:05:23.000Z,4,Rutgers,2022
401405091102859210,Iowa,Big Ten,Rutgers,Big Ten,Rutgers,Iowa,7,3,401405091,4014050917,7,8,2,"{'minutes': 14, 'seconds': 7}",3,2,48,48,3,13,False,6,Pass Reception,Spencer Petras pass complete to Gavin Williams for 6 yds to the Rutgr 42,0.2259560825125133,2022-09-25T00:05:23.000Z,4,Rutgers,2022
401405091102908101,Iowa,Big Ten,Rutgers,Big Ten,Rutgers,Iowa,7,3,401405091,4014050917,7,9,2,"{'minutes': 9, 'seconds': 18}",3,2,42,42,4,7,False,0,Punt,Tory Taylor punt for 35 yds,,2022-09-25T00:02:00.000Z,4,Rutgers,2022
401405091102908103,Rutgers,Big Ten,Iowa,Big Ten,Rutgers,Iowa,3,7,401405091,4014050918,8,1,2,"{'minutes': 9, 'seconds': 18}",2,3,7,93,1,10,False,5,Rush,Kyle Monangai run for 5 yds to the Rutgr 12,0.06612453033554554,2022-09-25T00:11:57.000Z,4,Rutgers,2022
401405091102908104,Rutgers,Big Ten,Iowa,Big Ten,Rutgers,Iowa,3,7,401405091,4014050918,8,2,2,"{'minutes': 9, 'seconds': 18}",2,3,12,88,2,5,False,0,Pass Incompletion,Evan Simon pass incomplete,-0.34466965206398470,2022-09-25T00:11:57.000Z,4,Rutgers,2022
401405091102917101,Rutgers,Big Ten,Iowa,Big Ten,Rutgers,Iowa,3,14,401405091,4014050918,8,3,2,"{'minutes': 8, 'seconds': 28}",2,3,12,88,3,5,True,30,Fumble Return Touchdown,Kaevon Merriweather 30 Yd Fumble Return (Drew Stevens Kick),-6.84794766636951024,2022-09-25T00:17:23.000Z,4,Rutgers,2022
401405091102917103,Iowa,Big Ten,Rutgers,Big Ten,Rutgers,Iowa,14,3,401405091,4014050919,9,1,2,"{'minutes': 8, 'seconds': 28}",3,2,65,65,0,0,False,0,Kickoff,Drew Stevens kickoff for 65 yds,,2022-09-25T00:20:57.000Z,4,Rutgers,2022
401405091102917105,Rutgers,Big Ten,Iowa,Big Ten,Rutgers,Iowa,3,14,401405091,4014050919,9,2,2,"{'minutes': 8, 'seconds': 28}",2,3,25,75,1,10,False,1,Rush,Al-Shadee Salaam run for 1 yd to the Rutgr 26,-0.58747954310168553,2022-09-25T00:20:57.000Z,4,Rutgers,2022
401405091102917106,Rutgers,Big Ten,Iowa,Big Ten,Rutgers,Iowa,3,14,401405091,4014050919,9,3,2,"{'minutes': 8, 'seconds': 28}",2,3,26,74,2,9,False,17,Pass Reception,Evan Simon pass complete to Aron Cruickshank for 17 yds to the Rutgr 43 for a 1ST down,2.19991796531168053,2022-09-25T00:20:57.000Z,4,Rutgers,2022
401405091102917107,Rutgers,Big Ten,Iowa,Big Ten,Rutgers,Iowa,3,14,401405091,4014050919,9,4,2,"{'minutes': 8, 'seconds': 28}",2,3,43,57,1,10,False,-6,Pass Reception,Johnny Langan pass complete to Shameen Jones for a loss of 6 yards to the Rutgr 43,-2.17189814656354766,2022-09-25T00:23:53.000Z,4,Rutgers,2022
401405091102917108,Rutgers,Big Ten,Iowa,Big Ten,Rutgers,Iowa,3,14,401405091,4014050919,9,5,2,"{'minutes': 8, 'seconds': 28}",2,3,43,57,2,10,False,4,Pass Reception,Evan Simon pass complete to Samuel Brown V for 4 yds to the Rutgr 47,-0.1498323988275079,2022-09-25T00:23:53.000Z,4,Rutgers,2022
401405091102917109,Rutgers,Big Ten,Iowa,Big Ten,Rutgers,Iowa,3,14,401405091,4014050919,9,6,2,"{'minutes': 8, 'seconds': 28}",2,3,47,53,3,6,False,1,Pass Reception,Evan Simon pass complete to Aron Cruickshank for 1 yd to the Rutgr 48,-0.6619387536214081,2022-09-25T00:23:53.000Z,4,Rutgers,2022
401405091102949901,Rutgers,Big Ten,Iowa,Big Ten,Rutgers,Iowa,3,14,401405091,4014050919,9,7,2,"{'minutes': 5, 'seconds': 0}",2,3,48,52,4,5,False,0,Punt,"Adam Korsak punt for 46 yds, downed at the Iowa 6",,2022-09-25T00:25:39.000Z,4,Rutgers,2022
401405091102949903,Iowa,Big Ten,Rutgers,Big Ten,Rutgers,Iowa,14,3,401405091,40140509110,10,1,2,"{'minutes': 5, 'seconds': 0}",3,2,94,94,1,10,False,3,Rush,Monte Pottebaum run for 3 yds to the Iowa 9,-0.120679007924910486,2022-09-25T00:25:39.000Z,4,Rutgers,2022
401405091102949904,Iowa,Big Ten,Rutgers,Big Ten,Rutgers,Iowa,14,3,401405091,40140509110,10,2,2,"{'minutes': 5, 'seconds': 0}",3,2,91,91,2,7,False,9,Rush,Kaleb Johnson run for 9 yds to the Iowa 18 for a 1ST down,0.529074219413086416,2022-09-25T00:25:39.000Z,4,Rutgers,2022
401405091102949905,Iowa,Big Ten,Rutgers,Big Ten,Rutgers,Iowa,14,3,401405091,40140509110,10,3,2,"{'minutes': 5, 'seconds': 0}",3,2,82,82,1,10,False,5,Rush,Kaleb Johnson run for 5 yds to the Iowa 23,0.0820151488011058,2022-09-25T00:25:39.000Z,4,Rutgers,2022
401405091102949906,Iowa,Big Ten,Rutgers,Big Ten,Rutgers,Iowa,14,3,401405091,40140509110,10,4,2,"{'minutes': 5, 'seconds': 0}",3,2,77,77,2,5,False,8,Rush,Kaleb Johnson run for 8 yds to the Iowa 31 for a 1ST down,0.7989920953766952,2022-09-25T00:25:39.000Z,4,Rutgers,2022
401405091102949907,Iowa,Big Ten,Rutgers,Big Ten,Rutgers,Iowa,14,3,401405091,40140509110,10,5,2,"{'minutes': 5, 'seconds': 0}",3,2,69,69,1,10,False,-6,Rush,Gavin Williams run for a loss of 6 yards to the Iowa 25,-1.46550519482222534,2022-09-25T00:25:39.000Z,4,Rutgers,2022
401405091102949908,Iowa,Big Ten,Rutgers,Big Ten,Rutgers,Iowa,14,3,401405091,40140509110,10,6,2,"{'minutes': 5, 'seconds': 0}",3,2,75,75,2,16,False,17,Pass Reception,Spencer Petras pass complete to Luke Lachey for 17 yds to the Iowa 42 for a 1ST down,2.51109298789795954,2022-09-25T00:25:39.000Z,4,Rutgers,2022
401405091102949909,Iowa,Big Ten,Rutgers,Big Ten,Rutgers,Iowa,14,3,401405091,40140509110,10,7,2,"{'minutes': 5, 'seconds': 0}",3,2,58,58,1,10,False,3,Rush,Kaleb Johnson run for 3 yds to the Iowa 45,-0.4325374473860535,2022-09-25T00:25:39.000Z,4,Rutgers,2022
401405091102949910,Iowa,Big Ten,Rutgers,Big Ten,Rutgers,Iowa,14,3,401405091,40140509110,10,8,2,"{'minutes': 5, 'seconds': 0}",3,2,55,55,2,7,False,42,Pass Reception,Spencer Petras pass complete to Sam LaPorta for 42 yds to the Rutgr 13 for a 1ST down,2.455311444379522,2022-09-25T00:25:39.000Z,4,Rutgers,2022
401405091102995901,Iowa,Big Ten,Rutgers,Big Ten,Rutgers,Iowa,14,3,401405091,40140509110,10,9,2,"{'seconds': 40, 'minutes': 0}",2,2,12,12,2,9,False,0,Timeout,"Timeout IOWA, clock 00:40",,2022-09-25T00:02:00.000Z,4,Rutgers,2022
401405091102995902,Iowa,Big Ten,Rutgers,Big Ten,Rutgers,Iowa,14,3,401405091,40140509110,10,10,2,"{'seconds': 40, 'minutes': 0}",2,2,13,13,1,10,False,1,Rush,Kaleb Johnson run for 1 yd to the Rutgr 12,-0.239885200119727,2022-09-25T00:33:15.000Z,4,Rutgers,2022
401405091102995903,Iowa,Big Ten,Rutgers,Big Ten,Rutgers,Iowa,14,3,401405091,40140509110,10,11,2,"{'seconds': 40, 'minutes': 0}",2,2,12,12,2,9,False,0,Pass Incompletion,Spencer Petras pass incomplete,-0.309497634970851,2022-09-25T00:33:15.000Z,4,Rutgers,2022
401405091102995904,Iowa,Big Ten,Rutgers,Big Ten,Rutgers,Iowa,14,3,401405091,40140509110,10,12,2,"{'seconds': 40, 'minutes': 0}",2,2,12,12,3,9,False,5,Rush,Spencer Petras run for 5 yds to the Rutgr 7,0.029605240740711,2022-09-25T00:33:15.000Z,4,Rutgers,2022
401405091102997801,Iowa,Big Ten,Rutgers,Big Ten,Rutgers,Iowa,17,3,401405091,40140509110,10,13,2,"{'seconds': 21, 'minutes': 0}",2,2,7,7,4,4,True,25,Field Goal Good,Drew Stevens 25 yd FG GOOD,,2022-09-25T00:02:00.000Z,4,Rutgers,2022
401405091102998201,Iowa,Big Ten,Rutgers,Big Ten,Rutgers,Iowa,17,3,401405091,40140509111,11,1,2,"{'seconds': 17, 'minutes': 0}",2,2,65,65,0,0,False,16,Kickoff Return (Offense),"Drew Stevens kickoff for 56 yds , Aron Cruickshank return for 16 yds to the Rutgr 25",,2022-09-25T00:39:52.000Z,4,Rutgers,2022
401405091102999903,Rutgers,Big Ten,Iowa,Big Ten,Rutgers,Iowa,3,17,401405091,40140509111,11,2,2,"{'minutes': 0, 'seconds': 0}",2,2,20,80,0,10,False,0,End of Half,End of 2nd Quarter,,2022-09-25T00:02:00.000Z,4,Rutgers,2022
401405091103854501,Rutgers,Big Ten,Iowa,Big Ten,Rutgers,Iowa,3,17,401405091,40140509112,12,1,3,"{'minutes': 14, 'seconds': 54}",3,3,35,65,0,0,False,35,Kickoff Return (Offense),"Jude McAtamney kickoff for 65 yds , Kaleb Johnson return for 35 yds to the RUTGERS 30 IOWA Penalty, Offensive Holding (Logan Klemp) to the Iowa 25",,2022-09-25T01:00:40.000Z,4,Rutgers,2022
401405091103854503,Iowa,Big Ten,Rutgers,Big Ten,Rutgers,Iowa,17,3,401405091,40140509112,12,2,3,"{'minutes': 14, 'seconds': 54}",3,3,75,75,1,10,False,8,Rush,Leshon Williams run for 8 yds to the Iowa 33,0.9104368550610653,2022-09-25T01:00:40.000Z,4,Rutgers,2022
401405091103854504,Iowa,Big Ten,Rutgers,Big Ten,Rutgers,Iowa,17,3,401405091,40140509112,12,3,3,"{'minutes': 14, 'seconds': 54}",3,3,67,67,2,2,False,8,Rush,Leshon Williams run for 8 yds to the Iowa 41 for a 1ST down,0.5083059148618289,2022-09-25T01:00:40.000Z,4,Rutgers,2022
401405091103854505,Iowa,Big Ten,Rutgers,Big Ten,Rutgers,Iowa,17,3,401405091,40140509112,12,4,3,"{'minutes': 14, 'seconds': 54}",3,3,59,59,1,10,False,21,Rush,Leshon Williams run for 21 yds to the Rutgr 38 for a 1ST down,1.5644197012132393,2022-09-25T01:00:40.000Z,4,Rutgers,2022
401405091103854506,Iowa,Big Ten,Rutgers,Big Ten,Rutgers,Iowa,17,3,401405091,40140509112,12,5,3,"{'minutes': 14, 'seconds': 54}",3,3,38,38,1,10,False,11,Pass Reception,Spencer Petras pass complete to Sam LaPorta for 11 yds to the Rutgr 27 for a 1ST down,0.353311807193702,2022-09-25T01:00:40.000Z,4,Rutgers,2022
401405091103854507,Iowa,Big Ten,Rutgers,Big Ten,Rutgers,Iowa,17,3,401405091,40140509112,12,6,3,"{'minutes': 14, 'seconds': 54}",3,3,27,27,1,10,False,0,Rush,Gavin Williams run for no gain to the Rutgr 27,-0.490975886965904,2022-09-25T01:00:40.000Z,4,Rutgers,2022
401405091103854508,Iowa,Big Ten,Rutgers,Big Ten,Rutgers,Iowa,17,3,401405091,40140509112,12,7,3,"{'minutes': 14, 'seconds': 54}",3,3,27,27,2,10,False,20,Pass Reception,Spencer Petras pass complete to Luke Lachey for 20 yds to the Rutgr 7 for a 1ST down,1.035502098030179,2022-09-25T01:00:40.000Z,4,Rutgers,2022
401405091103854509,Iowa,Big Ten,Rutgers,Big Ten,Rutgers,Iowa,17,3,401405091,40140509112,12,8,3,"{'minutes': 14, 'seconds': 54}",3,3,7,7,1,7,False,1,Rush,Leshon Williams run for 1 yd to the Rutgr 6,-0.331912362454727,2022-09-25T01:00:40.000Z,4,Rutgers,2022
401405091103854510,Iowa,Big Ten,Rutgers,Big Ten,Rutgers,Iowa,17,3,401405091,40140509112,12,9,3,"{'minutes': 14, 'seconds': 54}",3,3,6,6,2,6,False,-8,Sack,Spencer Petras sacked by Rene Konga for a loss of 8 yards to the Rutgr 14,-0.899885261623545,2022-09-25T01:00:40.000Z,4,Rutgers,2022
401405091103854512,Iowa,Big Ten,Rutgers,Big Ten,Rutgers,Iowa,17,3,401405091,40140509112,12,10,3,"{'minutes': 14, 'seconds': 54}",3,3,14,14,3,14,False,12,Penalty,"PETRAS, Spencer pass to the right incomplete intended for LAPORTA, Sam thrown to the RUT0. PENALTY RUT Pass Interference on BRASWELL, Christian enforced at the spot of the foul for 12 yards to the RUT2 and results in automatic 1ST DOWN [NHSG]. NO PLAY (replay the down).",,2022-09-25T01:00:40.000Z,4,Rutgers,2022
401405091103899001,Iowa,Big Ten,Rutgers,Big Ten,Rutgers,Iowa,24,3,401405091,40140509112,12,11,3,"{'minutes': 10, 'seconds': 9}",3,3,2,2,1,2,True,2,Rushing Touchdown,"Leshon Williams run for 2 yds for a TD, (Drew Stevens KICK)",1.213235297672098,2022-09-25T01:00:21.000Z,4,Rutgers,2022
401405091103899501,Iowa,Big Ten,Rutgers,Big Ten,Rutgers,Iowa,24,3,401405091,40140509113,13,1,3,"{'minutes': 10, 'seconds': 4}",3,3,65,65,0,0,False,17,Kickoff Return (Offense),"Drew Stevens kickoff for 59 yds , Aron Cruickshank return for 17 yds to the Rutgr 23",,2022-09-25T01:11:10.000Z,4,Rutgers,2022
401405091103899503,Rutgers,Big Ten,Iowa,Big Ten,Rutgers,Iowa,3,24,401405091,40140509113,13,2,3,"{'minutes': 10, 'seconds': 4}",3,3,23,77,1,10,False,-4,Rush,run for a loss of 4 yards to the Rutgr 19,-0.92287546457207266,2022-09-25T01:11:10.000Z,4,Rutgers,2022
401405091103899504,Rutgers,Big Ten,Iowa,Big Ten,Rutgers,Iowa,3,24,401405091,40140509113,13,3,3,"{'minutes': 10, 'seconds': 4}",3,3,19,81,2,14,False,16,Pass Reception,Evan Simon pass complete to Chris Long for 16 yds to the Rutgr 35 for a 1ST down,1.89051554807013476,2022-09-25T01:11:10.000Z,4,Rutgers,2022
401405091103899505,Rutgers,Big Ten,Iowa,Big Ten,Rutgers,Iowa,3,24,401405091,40140509113,13,4,3,"{'minutes': 10, 'seconds': 4}",3,3,35,65,1,10,False,5,Rush,Samuel Brown V run for 5 yds to the Rutgr 40,0.1088137823196469,2022-09-25T01:11:10.000Z,4,Rutgers,2022
401405091103899506,Rutgers,Big Ten,Iowa,Big Ten,Rutgers,Iowa,3,24,401405091,40140509113,13,5,3,"{'minutes': 10, 'seconds': 4}",3,3,40,60,2,5,False,3,Rush,Samuel Brown V run for 3 yds to the Rutgr 43,-0.4223723470917964,2022-09-25T01:11:10.000Z,4,Rutgers,2022
401405091103899507,Rutgers,Big Ten,Iowa,Big Ten,Rutgers,Iowa,3,24,401405091,40140509113,13,6,3,"{'minutes': 10, 'seconds': 4}",3,3,43,57,3,2,False,0,Rush,run for no gain to the Rutgr 43,-0.9127398951290244,2022-09-25T01:11:10.000Z,4,Rutgers,2022
401405091103899508,Rutgers,Big Ten,Iowa,Big Ten,Rutgers,Iowa,3,24,401405091,40140509113,13,7,3,"{'minutes': 10, 'seconds': 4}",3,3,43,57,4,2,False,2,Rush,Kyle Monangai run for 2 yds to the Rutgr 45 for a 1ST down,2.1924022332761437,2022-09-25T01:11:10.000Z,4,Rutgers,2022
401405091103899509,Rutgers,Big Ten,Iowa,Big Ten,Rutgers,Iowa,3,24,401405091,40140509113,13,8,3,"{'minutes': 10, 'seconds': 4}",3,3,45,55,1,10,False,18,Rush,Samuel Brown V run for 18 yds to the Iowa 37 for a 1ST down,1.2252046058396218,2022-09-25T01:11:10.000Z,4,Rutgers,2022
401405091103945701,Rutgers,Big Ten,Iowa,Big Ten,Rutgers,Iowa,3,24,401405091,40140509113,13,9,3,"{'minutes': 5, 'seconds': 42}",3,3,63,37,1,10,False,0,Interception,Evan Simon pass intercepted,-3.9485913685232568,2022-09-25T01:16:45.000Z,4,Rutgers,2022
401405091103945703,Iowa,Big Ten,Rutgers,Big Ten,Rutgers,Iowa,24,3,401405091,40140509114,14,1,3,"{'minutes': 5, 'seconds': 42}",3,3,45,45,1,10,False,7,Rush,Gavin Williams run for 7 yds to the Rutgr 38,0.5149869636577265,2022-09-25T01:16:45.000Z,4,Rutgers,2022
401405091103945705,Iowa,Big Ten,Rutgers,Big Ten,Rutgers,Iowa,24,3,401405091,40140509114,14,2,3,"{'minutes': 5, 'seconds': 42}",3,3,38,38,2,3,False,-5,Penalty,"WILLIAMS, Gavin rush to the left for a gain of 5 yards to the RUT33 (POWELL, Tyreem). PENALTY Before the snap, IOW Illegal Formation enforced 5 yards from the RUT38 to the RUT43. NO PLAY (replay the down).",,2022-09-25T01:20:31.000Z,4,Rutgers,2022
401405091103945706,Iowa,Big Ten,Rutgers,Big Ten,Rutgers,Iowa,24,3,401405091,40140509114,14,3,3,"{'minutes': 5, 'seconds': 42}",3,3,43,43,2,8,False,-3,Rush,Gavin Williams run for a loss of 3 yards to the Rutgr 46,-1.7233941421202575,2022-09-25T01:20:31.000Z,4,Rutgers,2022
401405091103945707,Iowa,Big Ten,Rutgers,Big Ten,Rutgers,Iowa,24,3,401405091,40140509114,14,4,3,"{'minutes': 5, 'seconds': 42}",3,3,46,46,3,11,False,0,Pass Incompletion,Spencer Petras pass incomplete,-0.7881273341392365,2022-09-25T01:20:31.000Z,4,Rutgers,2022
401405091103965601,Iowa,Big Ten,Rutgers,Big Ten,Rutgers,Iowa,24,3,401405091,40140509114,14,5,3,"{'minutes': 3, 'seconds': 43}",3,3,46,46,4,11,False,0,Punt,"Tory Taylor punt for 35 yds, fair catch by Aron Cruickshank at the Rutgr 11",,2022-09-25T01:22:56.000Z,4,Rutgers,2022
401405091103965603,Rutgers,Big Ten,Iowa,Big Ten,Rutgers,Iowa,3,24,401405091,40140509115,15,1,3,"{'minutes': 3, 'seconds': 43}",3,3,11,89,1,10,False,10,Pass Reception,Evan Simon pass complete to Al-Shadee Salaam for 10 yds to the Rutgr 21 for a 1ST down,0.43303751831051594,2022-09-25T01:22:56.000Z,4,Rutgers,2022
401405091103965604,Rutgers,Big Ten,Iowa,Big Ten,Rutgers,Iowa,3,24,401405091,40140509115,15,2,3,"{'minutes': 3, 'seconds': 43}",3,3,21,79,1,10,False,7,Pass Reception,Evan Simon pass complete to Sean Ryan for 7 yds to the Rutgr 28,0.5413772358558368,2022-09-25T01:22:56.000Z,4,Rutgers,2022
401405091103965605,Rutgers,Big Ten,Iowa,Big Ten,Rutgers,Iowa,3,24,401405091,40140509115,15,3,3,"{'minutes': 3, 'seconds': 43}",3,3,28,72,2,3,False,4,Rush,Al-Shadee Salaam run for 4 yds to the Rutgr 32 for a 1ST down,0.2698468383194595,2022-09-25T01:22:56.000Z,4,Rutgers,2022
401405091103965606,Rutgers,Big Ten,Iowa,Big Ten,Rutgers,Iowa,3,24,401405091,40140509115,15,4,3,"{'minutes': 3, 'seconds': 43}",3,3,32,68,1,10,False,0,Pass Incompletion,Evan Simon pass incomplete,-0.9262377870973815,2022-09-25T01:27:42.000Z,4,Rutgers,2022
401405091103965607,Rutgers,Big Ten,Iowa,Big Ten,Rutgers,Iowa,3,24,401405091,40140509115,15,5,3,"{'minutes': 3, 'seconds': 43}",3,3,32,68,2,10,False,0,Pass Incompletion,Evan Simon pass incomplete,-0.51354311432578022,2022-09-25T01:27:42.000Z,4,Rutgers,2022
401405091103985301,Rutgers,Big Ten,Iowa,Big Ten,Rutgers,Iowa,3,24,401405091,40140509115,15,6,3,"{'minutes': 1, 'seconds': 46}",2,3,39,61,4,3,False,0,Timeout,"Timeout RUTGERS, clock 01:46",,2022-09-25T01:00:21.000Z,4,Rutgers,2022
401405091103985302,Rutgers,Big Ten,Iowa,Big Ten,Rutgers,Iowa,3,24,401405091,40140509115,15,7,3,"{'minutes': 1, 'seconds': 46}",2,3,32,68,3,10,False,7,Pass Reception,Evan Simon pass complete to Isaiah Washington for 7 yds to the Rutgr 39,0.21442616010076865,2022-09-25T01:29:41.000Z,4,Rutgers,2022
401405091103985303,Rutgers,Big Ten,Iowa,Big Ten,Rutgers,Iowa,3,24,401405091,40140509115,15,8,3,"{'minutes': 1, 'seconds': 46}",2,3,39,61,4,3,False,10,Pass Reception,Evan Simon pass complete to Shameen Jones for 10 yds to the Rutgr 49 for a 1ST down,2.82129825307131357,2022-09-25T01:29:41.000Z,4,Rutgers,2022
401405091103985304,Rutgers,Big Ten,Iowa,Big Ten,Rutgers,Iowa,3,24,401405091,40140509115,15,9,3,"{'minutes': 1, 'seconds': 46}",2,3,49,51,1,10,False,-2,Sack,Evan Simon sacked by Lukas Van Ness for a loss of 2 yards to the Rutgr 47,-1.5881457651407354,2022-09-25T01:29:41.000Z,4,Rutgers,2022
401405091103985306,Rutgers,Big Ten,Iowa,Big Ten,Rutgers,Iowa,3,24,401405091,40140509115,15,10,3,"{'minutes': 1, 'seconds': 46}",2,3,47,53,2,12,False,15,Penalty,"SIMON, Evan pass to the left incomplete intended for JONES, Shameen thrown to the IOW48; QB hurried by LEE, Logan. PENALTY IOW Personal Foul on LEE, Logan enforced 15 yards from the RUT47 to the IOW38 and results in automatic 1ST DOWN [NHSG]. NO PLAY (replay the down).",,2022-09-25T01:29:41.000Z,4,Rutgers,2022
401405091103985307,Rutgers,Big Ten,Iowa,Big Ten,Rutgers,Iowa,3,24,401405091,40140509115,15,11,3,"{'minutes': 1, 'seconds': 46}",2,3,62,38,1,10,False,11,Pass Reception,Evan Simon pass complete to Sean Ryan for 11 yds to the Iowa 27 for a 1ST down,0.353311807193702,2022-09-25T01:29:41.000Z,4,Rutgers,2022
401405091103985308,Rutgers,Big Ten,Iowa,Big Ten,Rutgers,Iowa,3,24,401405091,40140509115,15,12,3,"{'minutes': 1, 'seconds': 46}",2,3,73,27,1,10,False,1,Rush,Samuel Brown V run for 1 yd to the Iowa 26,-0.3748730062798895,2022-09-25T01:29:41.000Z,4,Rutgers,2022
401405091103999901,Rutgers,Big Ten,Iowa,Big Ten,Rutgers,Iowa,3,24,401405091,40140509115,15,13,3,"{'minutes': 0, 'seconds': 0}",2,3,74,26,2,9,False,6,Pass Reception,Evan Simon pass complete to Shameen Jones for 6 yds to the Iowa 20,0.1708859622760265,2022-09-25T01:35:19.000Z,4,Rutgers,2022
401405091103999902,Rutgers,Big Ten,Iowa,Big Ten,Rutgers,Iowa,3,24,401405091,40140509115,15,14,3,"{'minutes': 0, 'seconds': 0}",2,3,74,26,0,9,False,0,End Period,End of 3rd Quarter,,2022-09-25T01:35:19.000Z,4,Rutgers,2022
401405091104849903,Rutgers,Big Ten,Iowa,Big Ten,Rutgers,Iowa,3,24,401405091,40140509115,15,15,4,"{'minutes': 15, 'seconds': 0}",2,3,80,20,3,3,False,7,Pass Reception,Evan Simon pass complete to Shameen Jones for 7 yds to the Iowa 13 for a 1ST down,0.406338670349502,2022-09-24T00:00:00.000Z,4,Rutgers,2022
401405091104849904,Rutgers,Big Ten,Iowa,Big Ten,Rutgers,Iowa,3,24,401405091,40140509115,15,16,4,"{'minutes': 15, 'seconds': 0}",2,3,87,13,1,10,False,0,Pass Incompletion,Evan Simon pass incomplete,-0.3048472994988835,2022-09-24T00:00:00.000Z,4,Rutgers,2022
401405091104849907,Rutgers,Big Ten,Iowa,Big Ten,Rutgers,Iowa,3,24,401405091,40140509115,15,17,4,"{'minutes': 15, 'seconds': 0}",2,3,87,13,2,10,False,6,Pass Reception,Evan Simon pass complete to Aron Cruickshank for 6 yds to the Iowa 7,0.1096386589675995,2022-09-25T01:40:05.000Z,4,Rutgers,2022
401405091104849908,Rutgers,Big Ten,Iowa,Big Ten,Rutgers,Iowa,3,24,401405091,40140509115,15,18,4,"{'minutes': 15, 'seconds': 0}",2,3,93,7,3,4,False,0,Pass Incompletion,Evan Simon pass incomplete,-0.324568953818583,2022-09-25T01:40:05.000Z,4,Rutgers,2022
401405091104865301,Rutgers,Big Ten,Iowa,Big Ten,Rutgers,Iowa,3,24,401405091,40140509115,15,19,4,"{'minutes': 13, 'seconds': 46}",2,3,93,7,4,4,False,0,Pass Incompletion,Evan Simon pass incomplete,-3.941293190604286,2022-09-25T01:40:05.000Z,4,Rutgers,2022
401405091104865303,Iowa,Big Ten,Rutgers,Big Ten,Rutgers,Iowa,24,3,401405091,40140509116,16,1,4,"{'minutes': 13, 'seconds': 46}",3,2,93,93,1,10,False,1,Rush,Kaleb Johnson run for 1 yd to the Iowa 8,-0.25741288696273924,2022-09-25T01:42:12.000Z,4,Rutgers,2022
401405091104865304,Iowa,Big Ten,Rutgers,Big Ten,Rutgers,Iowa,24,3,401405091,40140509116,16,2,4,"{'minutes': 13, 'seconds': 46}",3,2,92,92,2,9,False,0,Pass Incompletion,Spencer Petras pass incomplete,-0.16018625543355291,2022-09-25T01:45:39.000Z,4,Rutgers,2022
401405091104865305,Iowa,Big Ten,Rutgers,Big Ten,Rutgers,Iowa,24,3,401405091,40140509116,16,3,4,"{'minutes': 13, 'seconds': 46}",3,2,92,92,3,9,False,5,Pass Reception,Spencer Petras pass complete to Arland Bruce IV for 5 yds to the Iowa 13,0.01422278596758542,2022-09-25T01:45:39.000Z,4,Rutgers,2022
401405091104878201,Iowa,Big Ten,Rutgers,Big Ten,Rutgers,Iowa,24,3,401405091,40140509116,16,4,4,"{'minutes': 12, 'seconds': 17}",3,2,87,87,4,4,False,-2,Punt,"Tory Taylor punt for 48 yds , Aron Cruickshank returns for a loss of 2 yards to the Rutgr 37",,2022-09-25T01:47:29.000Z,4,Rutgers,2022
401405091104878203,Rutgers,Big Ten,Iowa,Big Ten,Rutgers,Iowa,3,24,401405091,40140509117,17,1,4,"{'minutes': 12, 'seconds': 17}",2,3,37,63,1,10,False,31,Pass Reception,Evan Simon pass complete to Johnny Langan for 31 yds to the Iowa 32 for a 1ST down,2.1789913679887878,2022-09-25T01:47:29.000Z,4,Rutgers,2022
401405091104878204,Rutgers,Big Ten,Iowa,Big Ten,Rutgers,Iowa,3,24,401405091,40140509117,17,2,4,"{'minutes': 12, 'seconds': 17}",2,3,68,32,1,10,False,14,Pass Reception,Evan Simon pass complete to Aron Cruickshank for 14 yds to the Iowa 18 for a 1ST down,0.2797267165183714,2022-09-25T01:47:29.000Z,4,Rutgers,2022
401405091104878205,Rutgers,Big Ten,Iowa,Big Ten,Rutgers,Iowa,3,24,401405091,40140509117,17,3,4,"{'minutes': 12, 'seconds': 17}",2,3,82,18,1,10,False,0,Pass Incompletion,Evan Simon pass incomplete,-0.350740748439042,2022-09-25T01:47:29.000Z,4,Rutgers,2022
401405091104878206,Rutgers,Big Ten,Iowa,Big Ten,Rutgers,Iowa,3,24,401405091,40140509117,17,4,4,"{'minutes': 12, 'seconds': 17}",2,3,82,18,2,10,False,0,Pass Incompletion,Evan Simon pass incomplete,-0.423613027815584,2022-09-25T01:47:29.000Z,4,Rutgers,2022
401405091104888401,Rutgers,Big Ten,Iowa,Big Ten,Rutgers,Iowa,10,24,401405091,40140509117,17,5,4,"{'minutes': 11, 'seconds': 15}",2,3,82,18,3,10,True,18,Passing Touchdown,"Evan Simon pass complete to Aron Cruickshank for 18 yds for a TD, (Jude McAtamney KICK)",3.366146485325217,2022-09-25T01:52:43.000Z,4,Rutgers,2022
401405091104888403,Rutgers,Big Ten,Iowa,Big Ten,Rutgers,Iowa,10,24,401405091,40140509118,18,1,4,"{'minutes': 11, 'seconds': 15}",2,2,100,0,1,10,False,0,Timeout,"Timeout IOWA, clock 11:15",,2022-09-25T01:57:34.000Z,4,Rutgers,2022
401405091104888405,Rutgers,Big Ten,Iowa,Big Ten,Rutgers,Iowa,10,24,401405091,40140509118,18,2,4,"{'minutes': 11, 'seconds': 15}",2,2,35,65,0,0,False,0,Kickoff,Jude McAtamney kickoff for 65 yds for a touchback,,2022-09-25T01:57:34.000Z,4,Rutgers,2022
401405091104888407,Iowa,Big Ten,Rutgers,Big Ten,Rutgers,Iowa,24,10,401405091,40140509118,18,3,4,"{'minutes': 11, 'seconds': 15}",2,2,75,75,1,10,False,1,Rush,Leshon Williams run for 1 yd to the Iowa 26,-0.58747954310168553,2022-09-25T01:57:34.000Z,4,Rutgers,2022
401405091104888408,Iowa,Big Ten,Rutgers,Big Ten,Rutgers,Iowa,24,10,401405091,40140509118,18,4,4,"{'minutes': 11, 'seconds': 15}",2,2,74,74,2,9,False,2,Rush,Leshon Williams run for 2 yds to the Iowa 28,-0.26771959905435327,2022-09-25T01:57:34.000Z,4,Rutgers,2022
401405091104888409,Iowa,Big Ten,Rutgers,Big Ten,Rutgers,Iowa,24,10,401405091,40140509118,18,5,4,"{'minutes': 11, 'seconds': 15}",2,2,72,72,3,7,False,14,Pass Reception,Spencer Petras pass complete to Leshon Williams for 14 yds to the Iowa 42 for a 1ST down,2.3712510498380448,2022-09-25T01:57:34.000Z,4,Rutgers,2022
401405091104888410,Iowa,Big Ten,Rutgers,Big Ten,Rutgers,Iowa,24,10,401405091,40140509118,18,6,4,"{'minutes': 11, 'seconds': 15}",2,2,58,58,1,10,False,5,Rush,Gavin Williams run for 5 yds to the Iowa 47,0.1100395517430570,2022-09-25T01:57:34.000Z,4,Rutgers,2022
401405091104888411,Iowa,Big Ten,Rutgers,Big Ten,Rutgers,Iowa,24,10,401405091,40140509118,18,7,4,"{'minutes': 11, 'seconds': 15}",2,2,53,53,2,5,False,14,Rush,Gavin Williams run for 14 yds to the Rutgr 39 for a 1ST down,1.3112251053647075,2022-09-25T02:01:21.000Z,4,Rutgers,2022
401405091104888412,Iowa,Big Ten,Rutgers,Big Ten,Rutgers,Iowa,24,10,401405091,40140509118,18,8,4,"{'minutes': 11, 'seconds': 15}",2,2,39,39,1,10,False,8,Rush,Leshon Williams run for 8 yds to the Rutgr 31,0.6211478423237775,2022-09-25T02:01:21.000Z,4,Rutgers,2022
401405091104888413,Iowa,Big Ten,Rutgers,Big Ten,Rutgers,Iowa,24,10,401405091,40140509118,18,9,4,"{'minutes': 11, 'seconds': 15}",2,2,31,31,2,2,False,1,Rush,Leshon Williams run for 1 yd to the Rutgr 30,-0.6183912819363135,2022-09-25T02:01:21.000Z,4,Rutgers,2022
401405091104938401,Iowa,Big Ten,Rutgers,Big Ten,Rutgers,Iowa,24,10,401405091,40140509118,18,10,4,"{'minutes': 6, 'seconds': 15}",1,2,33,33,4,4,False,0,Timeout,"Timeout IOWA, clock 06:15",,2022-09-25T02:06:02.000Z,4,Rutgers,2022
401405091104938402,Iowa,Big Ten,Rutgers,Big Ten,Rutgers,Iowa,24,10,401405091,40140509118,18,11,4,"{'minutes': 6, 'seconds': 15}",1,2,30,30,3,1,False,-3,Rush,Kaleb Johnson run for a loss of 3 yards to the Rutgr 33,-1.5432790291890226,2022-09-25T02:06:02.000Z,4,Rutgers,2022
401405091104939101,Iowa,Big Ten,Rutgers,Big Ten,Rutgers,Iowa,27,10,401405091,40140509118,18,12,4,"{'minutes': 6, 'seconds': 8}",1,2,33,33,4,4,True,51,Field Goal Good,Drew Stevens 51 yd FG GOOD,,2022-09-25T02:07:57.000Z,4,Rutgers,2022
401405091104939102,Iowa,Big Ten,Rutgers,Big Ten,Rutgers,Iowa,27,10,401405091,40140509119,19,1,4,"{'minutes': 6, 'seconds': 8}",1,2,65,65,0,0,False,0,Kickoff,Drew Stevens kickoff for 65 yds for a touchback,,2022-09-25T02:07:57.000Z,4,Rutgers,2022
401405091104939104,Rutgers,Big Ten,Iowa,Big Ten,Rutgers,Iowa,10,27,401405091,40140509119,19,2,4,"{'minutes': 6, 'seconds': 8}",2,1,25,75,1,10,False,9,Pass Reception,Evan Simon pass complete to Isaiah Washington for 9 yds to the Rutgr 34,1.2523083597886239,2022-09-25T02:11:45.000Z,4,Rutgers,2022
401405091104939105,Rutgers,Big Ten,Iowa,Big Ten,Rutgers,Iowa,10,27,401405091,40140509119,19,3,4,"{'minutes': 6, 'seconds': 8}",2,1,34,66,2,1,False,5,Pass Reception,Evan Simon pass complete to Aron Cruickshank for 5 yds to the Rutgr 39 for a 1ST down,-0.0295692765321684,2022-09-25T02:11:45.000Z,4,Rutgers,2022
401405091104939106,Rutgers,Big Ten,Iowa,Big Ten,Rutgers,Iowa,10,27,401405091,40140509119,19,4,4,"{'minutes': 6, 'seconds': 8}",2,1,39,61,1,10,False,8,Pass Reception,Evan Simon pass complete to Matt Alaimo for 8 yds to the Rutgr 47,1.0249684172285607,2022-09-25T02:11:45.000Z,4,Rutgers,2022
401405091104939107,Rutgers,Big Ten,Iowa,Big Ten,Rutgers,Iowa,10,27,401405091,40140509119,19,5,4,"{'minutes': 6, 'seconds': 8}",2,1,47,53,2,2,False,29,Pass Reception,Evan Simon pass complete to Sean Ryan for 29 yds to the Iowa 24 for a 1ST down,1.1486096706293303,2022-09-25T02:11:45.000Z,4,Rutgers,2022
401405091104939109,Rutgers,Big Ten,Iowa,Big Ten,Rutgers,Iowa,10,27,401405091,40140509119,19,6,4,"{'minutes': 6, 'seconds': 8}",2,1,76,24,1,10,False,-10,Penalty,"SIMON, Evan pass to the left incomplete intended for BROWN V, Samuel thrown to the IOW20. PENALTY RUT Holding on DUNLAP JR., Curtis enforced 10 yards from the IOW24 to the IOW34 [NHSG]. NO PLAY (replay the down).",,2022-09-25T02:11:45.000Z,4,Rutgers,2022
401405091104939110,Rutgers,Big Ten,Iowa,Big Ten,Rutgers,Iowa,10,27,401405091,40140509119,19,7,4,"{'minutes': 6, 'seconds': 8}",2,1,66,34,1,20,False,-8,Sack,Evan Simon sacked by Aaron Graves for a loss of 8 yards to the Iowa 42,-2.4472562696559228,2022-09-25T02:11:45.000Z,4,Rutgers,2022
401405091104939111,Rutgers,Big Ten,Iowa,Big Ten,Rutgers,Iowa,10,27,401405091,40140509119,19,8,4,"{'minutes': 6, 'seconds': 8}",2,1,58,42,2,28,False,0,Pass Incompletion,Evan Simon pass incomplete,-0.59667807089407622,2022-09-25T02:11:45.000Z,4,Rutgers,2022
401405091104939112,Rutgers,Big Ten,Iowa,Big Ten,Rutgers,Iowa,10,27,401405091,40140509119,19,9,4,"{'minutes': 6, 'seconds': 8}",2,1,58,42,3,28,False,0,Pass Incompletion,Evan Simon pass incomplete,-0.31833649154247290,2022-09-25T02:11:45.000Z,4,Rutgers,2022
401405091104965001,Rutgers,Big Ten,Iowa,Big Ten,Rutgers,Iowa,10,27,401405091,40140509119,19,10,4,"{'minutes': 3, 'seconds': 49}",2,1,58,42,4,28,False,0,Pass Incompletion,Evan Simon pass incomplete,0.13703812840316942,2022-09-25T02:16:13.000Z,4,Rutgers,2022
401405091104965003,Iowa,Big Ten,Rutgers,Big Ten,Rutgers,Iowa,27,10,401405091,40140509120,20,1,4,"{'minutes': 3, 'seconds': 49}",1,2,58,58,1,10,False,-1,Rush,Kaleb Johnson run for a loss of 1 yard to the Iowa 41,-1.3564468491381483,2022-09-25T02:16:13.000Z,4,Rutgers,2022
401405091104969801,Iowa,Big Ten,Rutgers,Big Ten,Rutgers,Iowa,27,10,401405091,40140509120,20,2,4,"{'minutes': 3, 'seconds': 1}",1,2,59,59,2,11,False,2,Rush,Kaleb Johnson run for 2 yds to the Iowa 43,-0.4724362029517062,2022-09-25T02:18:41.000Z,4,Rutgers,2022
401405091104969802,Iowa,Big Ten,Rutgers,Big Ten,Rutgers,Iowa,27,10,401405091,40140509120,20,3,4,"{'minutes': 3, 'seconds': 1}",1,1,57,57,3,9,False,0,Timeout,"Timeout RUTGERS, clock 03:01",,2022-09-25T02:18:41.000Z,4,Rutgers,2022
401405091104969803,Iowa,Big Ten,Rutgers,Big Ten,Rutgers,Iowa,27,10,401405091,40140509120,20,4,4,"{'minutes': 3, 'seconds': 1}",1,1,57,57,3,9,False,0,Pass Incompletion,Spencer Petras pass incomplete,-0.53218849915641894,2022-09-25T02:18:41.000Z,4,Rutgers,2022
401405091104975201,Iowa,Big Ten,Rutgers,Big Ten,Rutgers,Iowa,27,10,401405091,40140509120,20,5,4,"{'minutes': 2, 'seconds': 47}",1,1,57,57,4,9,False,0,Punt,Tory Taylor punt for 51 yds,,2022-09-25T02:19:41.000Z,4,Rutgers,2022
401405091104975203,Rutgers,Big Ten,Iowa,Big Ten,Rutgers,Iowa,10,27,401405091,40140509121,21,1,4,"{'minutes': 2, 'seconds': 47}",1,1,6,94,1,10,False,-5,Sack,Evan Simon sacked by Jay Higgins and Aaron Graves for a loss of 5 yards to the Rutgr 1,-0.42941899001128727,2022-09-25T02:19:41.000Z,4,Rutgers,2022
401405091104975204,Rutgers,Big Ten,Iowa,Big Ten,Rutgers,Iowa,10,27,401405091,40140509121,21,2,4,"{'minutes': 2, 'seconds': 47}",1,1,1,99,2,15,False,3,Rush,Kyle Monangai run for 3 yds to the Rutgr 4,-0.0204147453995391,2022-09-25T02:19:41.000Z,4,Rutgers,2022
401405091104975205,Rutgers,Big Ten,Iowa,Big Ten,Rutgers,Iowa,10,27,401405091,40140509121,21,3,4,"{'minutes': 2, 'seconds': 47}",1,1,4,96,3,12,False,0,Pass Incompletion,Evan Simon pass incomplete,-0.0365103599441321,2022-09-25T02:19:41.000Z,4,Rutgers,2022
401405091104988001,Rutgers,Big Ten,Iowa,Big Ten,Rutgers,Iowa,10,27,401405091,40140509121,21,4,4,"{'minutes': 1, 'seconds': 19}",1,1,4,96,4,12,False,0,Punt,"Adam Korsak punt for 40 yds, fair catch by Cooper DeJean at the Rutgr 44",,2022-09-25T02:22:25.000Z,4,Rutgers,2022
401405091104988003,Iowa,Big Ten,Rutgers,Big Ten,Rutgers,Iowa,27,10,401405091,40140509122,22,1,4,"{'minutes': 1, 'seconds': 19}",1,1,44,44,1,10,False,8,Rush,Kaleb Johnson run for 8 yds to the Rutgr 36,0.7112152626061283,2022-09-25T02:22:25.000Z,4,Rutgers,2022
401405091104999901,Iowa,Big Ten,Rutgers,Big Ten,Rutgers,Iowa,27,10,401405091,40140509122,22,2,4,"{'minutes': 0, 'seconds': 0}",1,1,36,36,2,2,False,-2,Rush,Kaleb Johnson run for a loss of 2 yards to the Rutgr 38,-1.3824851623239047,2022-09-25T02:23:49.000Z,4,Rutgers,2022
401405091104999903,Iowa,Big Ten,Rutgers,Big Ten,Rutgers,Iowa,27,10,401405091,40140509122,22,3,4,"{'minutes': 0, 'seconds': 0}",1,1,38,38,0,2,False,0,End of Game,End of 4th Quarter,,2022-09-25T02:23:49.000Z,4,Rutgers,2022
